category,mask_file,orig_H,orig_W,raw_defect_%,tfm_defect_%,raw_px_count,tfm_px_count,signal_ratio
can,000_overexposed_mask.png,1024,2232,0.0026,0.0111,60,17,4.2142
can,000_regular_mask.png,1024,2232,0.0026,0.0111,60,17,4.2142
can,000_shift_1_mask.png,1024,2232,0.0026,0.0111,60,17,4.2142
can,000_shift_2_mask.png,1024,2232,0.0026,0.0111,60,17,4.2142
can,000_shift_3_mask.png,1024,2232,0.0026,0.0111,60,17,4.2142
can,000_underexposed_mask.png,1024,2232,0.0026,0.0111,60,17,4.2142
can,001_overexposed_mask.png,1024,2232,0.0109,0.0612,250,94,5.5925
can,001_regular_mask.png,1024,2232,0.0109,0.0612,250,94,5.5925
can,001_shift_1_mask.png,1024,2232,0.0109,0.0612,250,94,5.5925
can,001_shift_2_mask.png,1024,2232,0.0109,0.0612,250,94,5.5925
can,001_shift_3_mask.png,1024,2232,0.0109,0.0612,250,94,5.5925
can,001_underexposed_mask.png,1024,2232,0.0109,0.0612,250,94,5.5925
can,002_overexposed_mask.png,1024,2232,0.0011,0.0072,25,11,6.5445
can,002_regular_mask.png,1024,2232,0.0011,0.0072,25,11,6.5445
can,002_shift_1_mask.png,1024,2232,0.0011,0.0072,25,11,6.5445
can,002_shift_2_mask.png,1024,2232,0.0011,0.0072,25,11,6.5445
can,002_shift_3_mask.png,1024,2232,0.0011,0.0072,25,11,6.5445
can,002_underexposed_mask.png,1024,2232,0.0011,0.0072,25,11,6.5445
can,003_overexposed_mask.png,1024,2232,0.0057,0.0013,131,2,0.2271
can,003_regular_mask.png,1024,2232,0.0057,0.0013,131,2,0.2271
can,003_shift_1_mask.png,1024,2232,0.0057,0.0013,131,2,0.2271
can,003_shift_2_mask.png,1024,2232,0.0057,0.0013,131,2,0.2271
can,003_shift_3_mask.png,1024,2232,0.0057,0.0013,131,2,0.2271
can,003_underexposed_mask.png,1024,2232,0.0057,0.0013,131,2,0.2271
can,004_overexposed_mask.png,1024,2232,0.005,0.0293,114,45,5.8712
can,004_regular_mask.png,1024,2232,0.005,0.0293,114,45,5.8712
can,004_shift_1_mask.png,1024,2232,0.005,0.0293,114,45,5.8712
can,004_shift_2_mask.png,1024,2232,0.005,0.0293,114,45,5.8712
can,004_shift_3_mask.png,1024,2232,0.005,0.0293,114,45,5.8712
can,004_underexposed_mask.png,1024,2232,0.005,0.0293,114,45,5.8712
can,005_overexposed_mask.png,1024,2232,0.0056,0.0208,129,32,3.6896
can,005_regular_mask.png,1024,2232,0.0056,0.0208,129,32,3.6896
can,005_shift_1_mask.png,1024,2232,0.0056,0.0208,129,32,3.6896
can,005_shift_2_mask.png,1024,2232,0.0056,0.0208,129,32,3.6896
can,005_shift_3_mask.png,1024,2232,0.0056,0.0208,129,32,3.6896
can,005_underexposed_mask.png,1024,2232,0.0056,0.0208,129,32,3.6896
can,006_overexposed_mask.png,1024,2232,0.0035,0.0117,80,18,3.3466
can,006_regular_mask.png,1024,2232,0.0035,0.0117,80,18,3.3466
can,006_shift_1_mask.png,1024,2232,0.0035,0.0117,80,18,3.3466
can,006_shift_2_mask.png,1024,2232,0.0035,0.0117,80,18,3.3466
can,006_shift_3_mask.png,1024,2232,0.0035,0.0117,80,18,3.3466
can,006_underexposed_mask.png,1024,2232,0.0035,0.0117,80,18,3.3466
can,007_overexposed_mask.png,1024,2232,0.0042,0.0195,96,30,4.6481
can,007_regular_mask.png,1024,2232,0.0042,0.0195,96,30,4.6481
can,007_shift_1_mask.png,1024,2232,0.0042,0.0195,96,30,4.6481
can,007_shift_2_mask.png,1024,2232,0.0042,0.0195,96,30,4.6481
can,007_shift_3_mask.png,1024,2232,0.0042,0.0195,96,30,4.6481
can,007_underexposed_mask.png,1024,2232,0.0042,0.0195,96,30,4.6481
can,008_overexposed_mask.png,1024,2232,0.0197,0.0566,450,87,2.8756
can,008_regular_mask.png,1024,2232,0.0197,0.0566,450,87,2.8756
can,008_shift_1_mask.png,1024,2232,0.0197,0.0566,450,87,2.8756
can,008_shift_2_mask.png,1024,2232,0.0197,0.0566,450,87,2.8756
can,008_shift_3_mask.png,1024,2232,0.0197,0.0566,450,87,2.8756
can,008_underexposed_mask.png,1024,2232,0.0197,0.0566,450,87,2.8756
can,009_overexposed_mask.png,1024,2232,0.0085,0.0254,195,39,2.9748
can,009_regular_mask.png,1024,2232,0.0085,0.0254,195,39,2.9748
can,009_shift_1_mask.png,1024,2232,0.0085,0.0254,195,39,2.9748
can,009_shift_2_mask.png,1024,2232,0.0085,0.0254,195,39,2.9748
can,009_shift_3_mask.png,1024,2232,0.0085,0.0254,195,39,2.9748
can,009_underexposed_mask.png,1024,2232,0.0085,0.0254,195,39,2.9748
can,010_overexposed_mask.png,1024,2232,0.0029,0.0104,67,16,3.552
can,010_regular_mask.png,1024,2232,0.0029,0.0104,67,16,3.552
can,010_shift_1_mask.png,1024,2232,0.0029,0.0104,67,16,3.552
can,010_shift_2_mask.png,1024,2232,0.0029,0.0104,67,16,3.552
can,010_shift_3_mask.png,1024,2232,0.0029,0.0104,67,16,3.552
can,010_underexposed_mask.png,1024,2232,0.0029,0.0104,67,16,3.552
can,011_overexposed_mask.png,1024,2232,0.0102,0.0325,234,50,3.1782
can,011_regular_mask.png,1024,2232,0.0102,0.0325,234,50,3.1782
can,011_shift_1_mask.png,1024,2232,0.0102,0.0325,234,50,3.1782
can,011_shift_2_mask.png,1024,2232,0.0102,0.0325,234,50,3.1782
can,011_shift_3_mask.png,1024,2232,0.0102,0.0325,234,50,3.1782
can,011_underexposed_mask.png,1024,2232,0.0102,0.0325,234,50,3.1782
can,012_overexposed_mask.png,1024,2232,0.0179,0.0443,409,68,2.4729
can,012_regular_mask.png,1024,2232,0.0179,0.0443,409,68,2.4729
can,012_shift_1_mask.png,1024,2232,0.0179,0.0443,409,68,2.4729
can,012_shift_2_mask.png,1024,2232,0.0179,0.0443,409,68,2.4729
can,012_shift_3_mask.png,1024,2232,0.0179,0.0443,409,68,2.4729
can,012_underexposed_mask.png,1024,2232,0.0179,0.0443,409,68,2.4729
can,013_overexposed_mask.png,1024,2232,0.0119,0.0456,271,70,3.8419
can,013_regular_mask.png,1024,2232,0.0119,0.0456,271,70,3.8419
can,013_shift_1_mask.png,1024,2232,0.0119,0.0456,271,70,3.8419
can,013_shift_2_mask.png,1024,2232,0.0119,0.0456,271,70,3.8419
can,013_shift_3_mask.png,1024,2232,0.0119,0.0456,271,70,3.8419
can,013_underexposed_mask.png,1024,2232,0.0119,0.0456,271,70,3.8419
can,014_overexposed_mask.png,1024,2232,0.0021,0.0098,47,15,4.747
can,014_regular_mask.png,1024,2232,0.0021,0.0098,47,15,4.747
can,014_shift_1_mask.png,1024,2232,0.0021,0.0098,47,15,4.747
can,014_shift_2_mask.png,1024,2232,0.0021,0.0098,47,15,4.747
can,014_shift_3_mask.png,1024,2232,0.0021,0.0098,47,15,4.747
can,014_underexposed_mask.png,1024,2232,0.0021,0.0098,47,15,4.747
fabric,000_overexposed_mask.png,2048,2448,18.3699,24.4566,920977,37581,1.3313
fabric,000_regular_mask.png,2048,2448,18.3699,24.4566,920977,37581,1.3313
fabric,000_shift_1_mask.png,2048,2448,18.3699,24.4566,920977,37581,1.3313
fabric,000_shift_2_mask.png,2048,2448,18.3699,24.4566,920977,37581,1.3313
fabric,000_shift_3_mask.png,2048,2448,18.3699,24.4566,920977,37581,1.3313
fabric,000_underexposed_mask.png,2048,2448,18.3699,24.4566,920977,37581,1.3313
fabric,001_overexposed_mask.png,2048,2448,0.0074,0.0234,373,36,3.1489
fabric,001_regular_mask.png,2048,2448,0.0074,0.0234,373,36,3.1489
fabric,001_shift_1_mask.png,2048,2448,0.0074,0.0234,373,36,3.1489
fabric,001_shift_2_mask.png,2048,2448,0.0074,0.0234,373,36,3.1489
fabric,001_shift_3_mask.png,2048,2448,0.0074,0.0234,373,36,3.1489
fabric,001_underexposed_mask.png,2048,2448,0.0074,0.0234,373,36,3.1489
fabric,002_overexposed_mask.png,2048,2448,0.0066,0.0286,331,44,4.337
fabric,002_regular_mask.png,2048,2448,0.0066,0.0286,331,44,4.337
fabric,002_shift_1_mask.png,2048,2448,0.0066,0.0286,331,44,4.337
fabric,002_shift_2_mask.png,2048,2448,0.0066,0.0286,331,44,4.337
fabric,002_shift_3_mask.png,2048,2448,0.0066,0.0286,331,44,4.337
fabric,002_underexposed_mask.png,2048,2448,0.0066,0.0286,331,44,4.337
fabric,003_overexposed_mask.png,2048,2448,0.0124,0.0345,620,53,2.789
fabric,003_regular_mask.png,2048,2448,0.0124,0.0345,620,53,2.789
fabric,003_shift_1_mask.png,2048,2448,0.0124,0.0345,620,53,2.789
fabric,003_shift_2_mask.png,2048,2448,0.0124,0.0345,620,53,2.789
fabric,003_shift_3_mask.png,2048,2448,0.0124,0.0345,620,53,2.789
fabric,003_underexposed_mask.png,2048,2448,0.0124,0.0345,620,53,2.789
fabric,004_overexposed_mask.png,2048,2448,0.1543,0.0918,7737,141,0.5946
fabric,004_regular_mask.png,2048,2448,0.1543,0.0918,7737,141,0.5946
fabric,004_shift_1_mask.png,2048,2448,0.1543,0.0918,7737,141,0.5946
fabric,004_shift_2_mask.png,2048,2448,0.1543,0.0918,7737,141,0.5946
fabric,004_shift_3_mask.png,2048,2448,0.1543,0.0918,7737,141,0.5946
fabric,004_underexposed_mask.png,2048,2448,0.1543,0.0918,7737,141,0.5946
fabric,005_overexposed_mask.png,2048,2448,0.0062,0.041,309,63,6.652
fabric,005_regular_mask.png,2048,2448,0.0062,0.041,309,63,6.652
fabric,005_shift_1_mask.png,2048,2448,0.0062,0.041,309,63,6.652
fabric,005_shift_2_mask.png,2048,2448,0.0062,0.041,309,63,6.652
fabric,005_shift_3_mask.png,2048,2448,0.0062,0.041,309,63,6.652
fabric,005_underexposed_mask.png,2048,2448,0.0062,0.041,309,63,6.652
fabric,006_overexposed_mask.png,2048,2448,0.0099,0.0325,498,50,3.2757
fabric,006_regular_mask.png,2048,2448,0.0099,0.0325,498,50,3.2757
fabric,006_shift_1_mask.png,2048,2448,0.0099,0.0325,498,50,3.2757
fabric,006_shift_2_mask.png,2048,2448,0.0099,0.0325,498,50,3.2757
fabric,006_shift_3_mask.png,2048,2448,0.0099,0.0325,498,50,3.2757
fabric,006_underexposed_mask.png,2048,2448,0.0099,0.0325,498,50,3.2757
fabric,007_overexposed_mask.png,2048,2448,0.0027,0.0182,134,28,6.8175
fabric,007_regular_mask.png,2048,2448,0.0027,0.0182,134,28,6.8175
fabric,007_shift_1_mask.png,2048,2448,0.0027,0.0182,134,28,6.8175
fabric,007_shift_2_mask.png,2048,2448,0.0027,0.0182,134,28,6.8175
fabric,007_shift_3_mask.png,2048,2448,0.0027,0.0182,134,28,6.8175
fabric,007_underexposed_mask.png,2048,2448,0.0027,0.0182,134,28,6.8175
fabric,008_overexposed_mask.png,2048,2448,0.0069,0.0221,345,34,3.2154
fabric,008_regular_mask.png,2048,2448,0.0069,0.0221,345,34,3.2154
fabric,008_shift_1_mask.png,2048,2448,0.0069,0.0221,345,34,3.2154
fabric,008_shift_2_mask.png,2048,2448,0.0069,0.0221,345,34,3.2154
fabric,008_shift_3_mask.png,2048,2448,0.0069,0.0221,345,34,3.2154
fabric,008_underexposed_mask.png,2048,2448,0.0069,0.0221,345,34,3.2154
fabric,009_overexposed_mask.png,2048,2448,0.0295,0.1393,1479,214,4.7208
fabric,009_regular_mask.png,2048,2448,0.0295,0.1393,1479,214,4.7208
fabric,009_shift_1_mask.png,2048,2448,0.0295,0.1393,1479,214,4.7208
fabric,009_shift_2_mask.png,2048,2448,0.0295,0.1393,1479,214,4.7208
fabric,009_shift_3_mask.png,2048,2448,0.0295,0.1393,1479,214,4.7208
fabric,009_underexposed_mask.png,2048,2448,0.0295,0.1393,1479,214,4.7208
fabric,010_overexposed_mask.png,2048,2448,0.009,0.0241,451,37,2.6767
fabric,010_regular_mask.png,2048,2448,0.009,0.0241,451,37,2.6767
fabric,010_shift_1_mask.png,2048,2448,0.009,0.0241,451,37,2.6767
fabric,010_shift_2_mask.png,2048,2448,0.009,0.0241,451,37,2.6767
fabric,010_shift_3_mask.png,2048,2448,0.009,0.0241,451,37,2.6767
fabric,010_underexposed_mask.png,2048,2448,0.009,0.0241,451,37,2.6767
fabric,011_overexposed_mask.png,2048,2448,0.0223,0.0514,1116,79,2.3096
fabric,011_regular_mask.png,2048,2448,0.0223,0.0514,1116,79,2.3096
fabric,011_shift_1_mask.png,2048,2448,0.0223,0.0514,1116,79,2.3096
fabric,011_shift_2_mask.png,2048,2448,0.0223,0.0514,1116,79,2.3096
fabric,011_shift_3_mask.png,2048,2448,0.0223,0.0514,1116,79,2.3096
fabric,011_underexposed_mask.png,2048,2448,0.0223,0.0514,1116,79,2.3096
fabric,012_overexposed_mask.png,2048,2448,0.0996,0.1952,4991,300,1.9611
fabric,012_regular_mask.png,2048,2448,0.0996,0.1952,4991,300,1.9611
fabric,012_shift_1_mask.png,2048,2448,0.0996,0.1952,4991,300,1.9611
fabric,012_shift_2_mask.png,2048,2448,0.0996,0.1952,4991,300,1.9611
fabric,012_shift_3_mask.png,2048,2448,0.0996,0.1952,4991,300,1.9611
fabric,012_underexposed_mask.png,2048,2448,0.0996,0.1952,4991,300,1.9611
fabric,013_overexposed_mask.png,2048,2448,0.0225,0.0573,1127,88,2.5476
fabric,013_regular_mask.png,2048,2448,0.0225,0.0573,1127,88,2.5476
fabric,013_shift_1_mask.png,2048,2448,0.0225,0.0573,1127,88,2.5476
fabric,013_shift_2_mask.png,2048,2448,0.0225,0.0573,1127,88,2.5476
fabric,013_shift_3_mask.png,2048,2448,0.0225,0.0573,1127,88,2.5476
fabric,013_underexposed_mask.png,2048,2448,0.0225,0.0573,1127,88,2.5476
fabric,014_overexposed_mask.png,2048,2448,0.0148,0.0403,742,62,2.7262
fabric,014_regular_mask.png,2048,2448,0.0148,0.0403,742,62,2.7262
fabric,014_shift_1_mask.png,2048,2448,0.0148,0.0403,742,62,2.7262
fabric,014_shift_2_mask.png,2048,2448,0.0148,0.0403,742,62,2.7262
fabric,014_shift_3_mask.png,2048,2448,0.0148,0.0403,742,62,2.7262
fabric,014_underexposed_mask.png,2048,2448,0.0148,0.0403,742,62,2.7262
fruit_jelly,000_overexposed_mask.png,1520,2100,4.1367,4.1064,132043,6310,0.9927
fruit_jelly,000_regular_mask.png,1520,2100,4.1367,4.1064,132043,6310,0.9927
fruit_jelly,000_shift_1_mask.png,1520,2100,4.1367,4.1064,132043,6310,0.9927
fruit_jelly,000_underexposed_mask.png,1520,2100,4.1367,4.1064,132043,6310,0.9927
fruit_jelly,001_overexposed_mask.png,1520,2100,5.7998,6.5825,185129,10115,1.135
fruit_jelly,001_regular_mask.png,1520,2100,5.7998,6.5825,185129,10115,1.135
fruit_jelly,001_shift_1_mask.png,1520,2100,5.7998,6.5825,185129,10115,1.135
fruit_jelly,001_underexposed_mask.png,1520,2100,5.7998,6.5825,185129,10115,1.135
fruit_jelly,002_overexposed_mask.png,1520,2100,0.4043,0.6527,12904,1003,1.6146
fruit_jelly,002_regular_mask.png,1520,2100,0.4043,0.6527,12904,1003,1.6146
fruit_jelly,002_shift_1_mask.png,1520,2100,0.4043,0.6527,12904,1003,1.6146
fruit_jelly,002_underexposed_mask.png,1520,2100,0.4043,0.6527,12904,1003,1.6146
fruit_jelly,003_overexposed_mask.png,1520,2100,0.0594,0.2076,1897,319,3.4931
fruit_jelly,003_regular_mask.png,1520,2100,0.0594,0.2076,1897,319,3.4931
fruit_jelly,003_shift_1_mask.png,1520,2100,0.0594,0.2076,1897,319,3.4931
fruit_jelly,003_underexposed_mask.png,1520,2100,0.0594,0.2076,1897,319,3.4931
fruit_jelly,004_overexposed_mask.png,1520,2100,0.0227,0.0748,724,115,3.2995
fruit_jelly,004_regular_mask.png,1520,2100,0.0227,0.0748,724,115,3.2995
fruit_jelly,004_shift_1_mask.png,1520,2100,0.0227,0.0748,724,115,3.2995
fruit_jelly,004_underexposed_mask.png,1520,2100,0.0227,0.0748,724,115,3.2995
fruit_jelly,005_overexposed_mask.png,1520,2100,0.1607,0.5466,5130,840,3.4014
fruit_jelly,005_regular_mask.png,1520,2100,0.1607,0.5466,5130,840,3.4014
fruit_jelly,005_shift_1_mask.png,1520,2100,0.1607,0.5466,5130,840,3.4014
fruit_jelly,005_underexposed_mask.png,1520,2100,0.1607,0.5466,5130,840,3.4014
fruit_jelly,006_overexposed_mask.png,1520,2100,1.6615,1.979,53034,3041,1.1911
fruit_jelly,006_regular_mask.png,1520,2100,1.6615,1.979,53034,3041,1.1911
fruit_jelly,006_shift_1_mask.png,1520,2100,1.6615,1.979,53034,3041,1.1911
fruit_jelly,006_underexposed_mask.png,1520,2100,1.6615,1.979,53034,3041,1.1911
fruit_jelly,007_overexposed_mask.png,1520,2100,0.0892,0.5629,2846,865,6.3135
fruit_jelly,007_regular_mask.png,1520,2100,0.09,0.5662,2873,870,6.2903
fruit_jelly,007_shift_1_mask.png,1520,2100,0.0892,0.5629,2848,865,6.3091
fruit_jelly,007_underexposed_mask.png,1520,2100,0.0893,0.5629,2849,865,6.3069
fruit_jelly,008_overexposed_mask.png,1520,2100,0.1285,0.2382,4103,366,1.853
fruit_jelly,008_regular_mask.png,1520,2100,0.1285,0.2382,4103,366,1.853
fruit_jelly,008_shift_1_mask.png,1520,2100,0.1285,0.2382,4103,366,1.853
fruit_jelly,008_underexposed_mask.png,1520,2100,0.1285,0.2382,4103,366,1.853
fruit_jelly,009_overexposed_mask.png,1520,2100,0.2992,0.5148,9552,791,1.7202
fruit_jelly,009_regular_mask.png,1520,2100,0.2992,0.5148,9552,791,1.7202
fruit_jelly,009_shift_1_mask.png,1520,2100,0.2992,0.5148,9552,791,1.7202
fruit_jelly,009_underexposed_mask.png,1520,2100,0.2992,0.5148,9552,791,1.7202
fruit_jelly,010_overexposed_mask.png,1520,2100,2.3235,3.287,74165,5051,1.4147
fruit_jelly,010_regular_mask.png,1520,2100,2.3235,3.287,74165,5051,1.4147
fruit_jelly,010_shift_1_mask.png,1520,2100,2.3235,3.287,74165,5051,1.4147
fruit_jelly,010_underexposed_mask.png,1520,2100,2.3235,3.287,74165,5051,1.4147
fruit_jelly,011_overexposed_mask.png,1520,2100,2.6433,3.7855,84373,5817,1.4321
fruit_jelly,011_regular_mask.png,1520,2100,2.6433,3.7855,84373,5817,1.4321
fruit_jelly,011_shift_1_mask.png,1520,2100,2.6433,3.7855,84373,5817,1.4321
fruit_jelly,011_underexposed_mask.png,1520,2100,2.6433,3.7855,84373,5817,1.4321
fruit_jelly,012_overexposed_mask.png,1520,2100,0.2497,0.4289,7971,659,1.7174
fruit_jelly,012_regular_mask.png,1520,2100,0.2497,0.4289,7971,659,1.7174
fruit_jelly,012_shift_1_mask.png,1520,2100,0.2497,0.4289,7971,659,1.7174
fruit_jelly,012_underexposed_mask.png,1520,2100,0.2497,0.4289,7971,659,1.7174
fruit_jelly,013_overexposed_mask.png,1520,2100,1.6662,2.374,53184,3648,1.4248
fruit_jelly,013_regular_mask.png,1520,2100,1.6662,2.374,53184,3648,1.4248
fruit_jelly,013_shift_1_mask.png,1520,2100,1.6662,2.374,53184,3648,1.4248
fruit_jelly,013_underexposed_mask.png,1520,2100,1.6662,2.374,53184,3648,1.4248
fruit_jelly,014_overexposed_mask.png,1520,2100,0.3959,0.5291,12637,813,1.3364
fruit_jelly,014_regular_mask.png,1520,2100,0.3959,0.5291,12637,813,1.3364
fruit_jelly,014_shift_1_mask.png,1520,2100,0.3959,0.5291,12637,813,1.3364
fruit_jelly,014_underexposed_mask.png,1520,2100,0.3959,0.5291,12637,813,1.3364
rice,000_overexposed_mask.png,2048,2448,0.0699,0.1289,3503,198,1.8441
rice,000_regular_mask.png,2048,2448,0.0699,0.1289,3503,198,1.8441
rice,000_shift_1_mask.png,2048,2448,0.0699,0.1289,3503,198,1.8441
rice,000_shift_2_mask.png,2048,2448,0.0699,0.1289,3503,198,1.8441
rice,000_shift_3_mask.png,2048,2448,0.0699,0.1289,3503,198,1.8441
rice,000_underexposed_mask.png,2048,2448,0.0699,0.1289,3503,198,1.8441
rice,001_overexposed_mask.png,2048,2448,0.0633,0.0866,3175,133,1.3667
rice,001_regular_mask.png,2048,2448,0.0633,0.0866,3175,133,1.3667
rice,001_shift_1_mask.png,2048,2448,0.0633,0.0866,3175,133,1.3667
rice,001_shift_2_mask.png,2048,2448,0.0633,0.0866,3175,133,1.3667
rice,001_shift_3_mask.png,2048,2448,0.0633,0.0866,3175,133,1.3667
rice,001_underexposed_mask.png,2048,2448,0.0633,0.0866,3175,133,1.3667
rice,002_overexposed_mask.png,2048,2448,0.9652,0.5128,48390,788,0.5313
rice,002_regular_mask.png,2048,2448,0.9652,0.5128,48390,788,0.5313
rice,002_shift_1_mask.png,2048,2448,0.9652,0.5128,48390,788,0.5313
rice,002_shift_2_mask.png,2048,2448,0.966,0.5128,48429,788,0.5309
rice,002_shift_3_mask.png,2048,2448,0.966,0.5128,48429,788,0.5309
rice,002_underexposed_mask.png,2048,2448,0.9652,0.5128,48390,788,0.5313
rice,003_overexposed_mask.png,2048,2448,0.1571,0.0,7878,0,0.0
rice,003_regular_mask.png,2048,2448,0.1571,0.0,7878,0,0.0
rice,003_shift_1_mask.png,2048,2448,0.1571,0.0,7878,0,0.0
rice,003_shift_2_mask.png,2048,2448,0.1571,0.0,7878,0,0.0
rice,003_shift_3_mask.png,2048,2448,0.1571,0.0,7878,0,0.0
rice,003_underexposed_mask.png,2048,2448,0.1571,0.0,7878,0,0.0
rice,004_overexposed_mask.png,2048,2448,0.085,0.1451,4259,223,1.7083
rice,004_regular_mask.png,2048,2448,0.085,0.1451,4259,223,1.7083
rice,004_shift_1_mask.png,2048,2448,0.085,0.1451,4259,223,1.7083
rice,004_shift_2_mask.png,2048,2448,0.085,0.1451,4259,223,1.7083
rice,004_shift_3_mask.png,2048,2448,0.085,0.1451,4259,223,1.7083
rice,004_underexposed_mask.png,2048,2448,0.085,0.1451,4259,223,1.7083
rice,005_overexposed_mask.png,2048,2448,0.1064,0.1796,5336,276,1.6876
rice,005_regular_mask.png,2048,2448,0.1064,0.1796,5336,276,1.6876
rice,005_shift_1_mask.png,2048,2448,0.1064,0.1796,5336,276,1.6876
rice,005_shift_2_mask.png,2048,2448,0.1064,0.1796,5336,276,1.6876
rice,005_shift_3_mask.png,2048,2448,0.1064,0.1796,5336,276,1.6876
rice,005_underexposed_mask.png,2048,2448,0.1064,0.1796,5336,276,1.6876
rice,006_overexposed_mask.png,2048,2448,1.3462,2.0961,67490,3221,1.5571
rice,006_regular_mask.png,2048,2448,1.3462,2.0961,67490,3221,1.5571
rice,006_shift_1_mask.png,2048,2448,1.3462,2.0961,67490,3221,1.5571
rice,006_shift_2_mask.png,2048,2448,1.3462,2.0961,67490,3221,1.5571
rice,006_shift_3_mask.png,2048,2448,1.3462,2.0961,67490,3221,1.5571
rice,006_underexposed_mask.png,2048,2448,1.3462,2.0961,67490,3221,1.5571
rice,007_overexposed_mask.png,2048,2448,0.1352,0.2909,6780,447,2.151
rice,007_regular_mask.png,2048,2448,0.1352,0.2909,6780,447,2.151
rice,007_shift_1_mask.png,2048,2448,0.1352,0.2909,6780,447,2.151
rice,007_shift_2_mask.png,2048,2448,0.1352,0.2909,6780,447,2.151
rice,007_shift_3_mask.png,2048,2448,0.1352,0.2909,6780,447,2.151
rice,007_underexposed_mask.png,2048,2448,0.1352,0.2909,6780,447,2.151
rice,008_overexposed_mask.png,2048,2448,0.101,0.1692,5065,260,1.6748
rice,008_regular_mask.png,2048,2448,0.101,0.1692,5065,260,1.6748
rice,008_shift_1_mask.png,2048,2448,0.101,0.1692,5065,260,1.6748
rice,008_shift_2_mask.png,2048,2448,0.101,0.1692,5065,260,1.6748
rice,008_shift_3_mask.png,2048,2448,0.101,0.1692,5065,260,1.6748
rice,008_underexposed_mask.png,2048,2448,0.101,0.1692,5065,260,1.6748
rice,009_overexposed_mask.png,2048,2448,0.0513,0.095,2572,146,1.852
rice,009_regular_mask.png,2048,2448,0.0513,0.095,2572,146,1.852
rice,009_shift_1_mask.png,2048,2448,0.0513,0.095,2572,146,1.852
rice,009_shift_2_mask.png,2048,2448,0.0513,0.095,2572,146,1.852
rice,009_shift_3_mask.png,2048,2448,0.0513,0.095,2572,146,1.852
rice,009_underexposed_mask.png,2048,2448,0.0513,0.095,2572,146,1.852
rice,010_overexposed_mask.png,2048,2448,0.113,0.19,5663,292,1.6823
rice,010_regular_mask.png,2048,2448,0.113,0.19,5663,292,1.6823
rice,010_shift_1_mask.png,2048,2448,0.113,0.19,5663,292,1.6823
rice,010_shift_2_mask.png,2048,2448,0.113,0.19,5663,292,1.6823
rice,010_shift_3_mask.png,2048,2448,0.113,0.19,5663,292,1.6823
rice,010_underexposed_mask.png,2048,2448,0.113,0.19,5663,292,1.6823
rice,011_overexposed_mask.png,2048,2448,0.1169,0.192,5861,295,1.6422
rice,011_regular_mask.png,2048,2448,0.1169,0.192,5861,295,1.6422
rice,011_shift_1_mask.png,2048,2448,0.1169,0.192,5861,295,1.6422
rice,011_shift_2_mask.png,2048,2448,0.1169,0.192,5861,295,1.6422
rice,011_shift_3_mask.png,2048,2448,0.1169,0.192,5861,295,1.6422
rice,011_underexposed_mask.png,2048,2448,0.1169,0.192,5861,295,1.6422
rice,012_overexposed_mask.png,2048,2448,0.4056,0.7601,20334,1168,1.8741
rice,012_regular_mask.png,2048,2448,0.4056,0.7601,20334,1168,1.8741
rice,012_shift_1_mask.png,2048,2448,0.4056,0.7601,20334,1168,1.8741
rice,012_shift_2_mask.png,2048,2448,0.4056,0.7601,20334,1168,1.8741
rice,012_shift_3_mask.png,2048,2448,0.4056,0.7601,20334,1168,1.8741
rice,012_underexposed_mask.png,2048,2448,0.4056,0.7601,20334,1168,1.8741
rice,013_overexposed_mask.png,2048,2448,0.0469,0.0872,2351,134,1.8596
rice,013_regular_mask.png,2048,2448,0.0469,0.0872,2351,134,1.8596
rice,013_shift_1_mask.png,2048,2448,0.0469,0.0872,2351,134,1.8596
rice,013_shift_2_mask.png,2048,2448,0.0469,0.0872,2351,134,1.8596
rice,013_shift_3_mask.png,2048,2448,0.0469,0.0872,2351,134,1.8596
rice,013_underexposed_mask.png,2048,2448,0.0469,0.0872,2351,134,1.8596
rice,014_overexposed_mask.png,2048,2448,0.1691,0.2746,8477,422,1.6242
rice,014_regular_mask.png,2048,2448,0.1691,0.2746,8477,422,1.6242
rice,014_shift_1_mask.png,2048,2448,0.1691,0.2746,8477,422,1.6242
rice,014_shift_2_mask.png,2048,2448,0.1691,0.2746,8477,422,1.6242
rice,014_shift_3_mask.png,2048,2448,0.1691,0.2746,8477,422,1.6242
rice,014_underexposed_mask.png,2048,2448,0.1691,0.2746,8477,422,1.6242
sheet_metal,000_overexposed_mask.png,1056,4224,0.2616,0.5668,11670,871,2.1665
sheet_metal,000_regular_mask.png,1056,4224,0.2616,0.5668,11670,871,2.1665
sheet_metal,000_shift_1_mask.png,1056,4224,0.2616,0.5668,11670,871,2.1665
sheet_metal,000_shift_2_mask.png,1056,4224,0.2616,0.5668,11670,871,2.1665
sheet_metal,000_shift_3_mask.png,1056,4224,0.2616,0.5668,11670,871,2.1665
sheet_metal,000_underexposed_mask.png,1056,4224,0.2616,0.5668,11670,871,2.1665
sheet_metal,001_overexposed_mask.png,1056,4224,0.4325,1.0256,19294,1576,2.3711
sheet_metal,001_regular_mask.png,1056,4224,0.4325,1.0256,19294,1576,2.3711
sheet_metal,001_shift_1_mask.png,1056,4224,0.4325,1.0256,19294,1576,2.3711
sheet_metal,001_shift_2_mask.png,1056,4224,0.4325,1.0256,19294,1576,2.3711
sheet_metal,001_shift_3_mask.png,1056,4224,0.4325,1.0256,19294,1576,2.3711
sheet_metal,001_underexposed_mask.png,1056,4224,0.4325,1.0256,19294,1576,2.3711
sheet_metal,002_overexposed_mask.png,1056,4224,0.2814,0.8102,12550,1245,2.8797
sheet_metal,002_regular_mask.png,1056,4224,0.2814,0.8102,12550,1245,2.8797
sheet_metal,002_shift_1_mask.png,1056,4224,0.2814,0.8102,12550,1245,2.8797
sheet_metal,002_shift_2_mask.png,1056,4224,0.2814,0.8102,12550,1245,2.8797
sheet_metal,002_shift_3_mask.png,1056,4224,0.2814,0.8102,12550,1245,2.8797
sheet_metal,002_underexposed_mask.png,1056,4224,0.2814,0.8102,12550,1245,2.8797
sheet_metal,003_overexposed_mask.png,1056,4224,0.1629,0.9352,7264,1437,5.7424
sheet_metal,003_regular_mask.png,1056,4224,0.1629,0.9352,7264,1437,5.7424
sheet_metal,003_shift_1_mask.png,1056,4224,0.159,0.9332,7091,1434,5.8703
sheet_metal,003_shift_2_mask.png,1056,4224,0.159,0.9332,7091,1434,5.8703
sheet_metal,003_shift_3_mask.png,1056,4224,0.159,0.9332,7091,1434,5.8703
sheet_metal,003_underexposed_mask.png,1056,4224,0.1629,0.9352,7264,1437,5.7424
sheet_metal,004_overexposed_mask.png,1056,4224,1.6799,3.0768,74934,4728,1.8315
sheet_metal,004_regular_mask.png,1056,4224,1.6799,3.0768,74934,4728,1.8315
sheet_metal,004_shift_1_mask.png,1056,4224,1.6799,3.0768,74934,4728,1.8315
sheet_metal,004_shift_2_mask.png,1056,4224,1.6799,3.0768,74934,4728,1.8315
sheet_metal,004_shift_3_mask.png,1056,4224,1.6799,3.0768,74934,4728,1.8315
sheet_metal,004_underexposed_mask.png,1056,4224,1.6799,3.0768,74934,4728,1.8315
sheet_metal,005_overexposed_mask.png,1056,4224,0.346,1.1701,15432,1798,3.3821
sheet_metal,005_regular_mask.png,1056,4224,0.346,1.1701,15432,1798,3.3821
sheet_metal,005_shift_1_mask.png,1056,4224,0.346,1.1701,15432,1798,3.3821
sheet_metal,005_shift_2_mask.png,1056,4224,0.346,1.1701,15432,1798,3.3821
sheet_metal,005_shift_3_mask.png,1056,4224,0.346,1.1701,15432,1798,3.3821
sheet_metal,005_underexposed_mask.png,1056,4224,0.346,1.1701,15432,1798,3.3821
sheet_metal,006_overexposed_mask.png,1056,4224,0.0964,0.3599,4302,553,3.7314
sheet_metal,006_regular_mask.png,1056,4224,0.0964,0.3599,4302,553,3.7314
sheet_metal,006_shift_1_mask.png,1056,4224,0.0964,0.3599,4302,553,3.7314
sheet_metal,006_shift_2_mask.png,1056,4224,0.0964,0.3599,4302,553,3.7314
sheet_metal,006_shift_3_mask.png,1056,4224,0.0964,0.3599,4302,553,3.7314
sheet_metal,006_underexposed_mask.png,1056,4224,0.0964,0.3599,4302,553,3.7314
sheet_metal,007_overexposed_mask.png,1056,4224,0.687,1.3074,30645,2009,1.903
sheet_metal,007_regular_mask.png,1056,4224,0.687,1.3074,30645,2009,1.903
sheet_metal,007_shift_1_mask.png,1056,4224,0.687,1.3074,30645,2009,1.903
sheet_metal,007_shift_2_mask.png,1056,4224,0.687,1.3074,30645,2009,1.903
sheet_metal,007_shift_3_mask.png,1056,4224,0.687,1.3074,30645,2009,1.903
sheet_metal,007_underexposed_mask.png,1056,4224,0.687,1.3074,30645,2009,1.903
sheet_metal,008_overexposed_mask.png,1056,4224,0.0854,0.4256,3809,654,4.9841
sheet_metal,008_regular_mask.png,1056,4224,0.0854,0.4256,3809,654,4.9841
sheet_metal,008_shift_1_mask.png,1056,4224,0.0854,0.4256,3809,654,4.9841
sheet_metal,008_shift_2_mask.png,1056,4224,0.0854,0.4256,3809,654,4.9841
sheet_metal,008_shift_3_mask.png,1056,4224,0.0854,0.4256,3809,654,4.9841
sheet_metal,008_underexposed_mask.png,1056,4224,0.0854,0.4256,3809,654,4.9841
sheet_metal,009_overexposed_mask.png,1056,4224,0.2464,1.2788,10989,1965,5.1906
sheet_metal,009_regular_mask.png,1056,4224,0.2464,1.2788,10989,1965,5.1906
sheet_metal,009_shift_1_mask.png,1056,4224,0.2464,1.2788,10989,1965,5.1906
sheet_metal,009_shift_2_mask.png,1056,4224,0.2464,1.2788,10989,1965,5.1906
sheet_metal,009_shift_3_mask.png,1056,4224,0.2464,1.2788,10989,1965,5.1906
sheet_metal,009_underexposed_mask.png,1056,4224,0.2464,1.2788,10989,1965,5.1906
sheet_metal,010_overexposed_mask.png,1056,4224,0.1798,1.0139,8020,1558,5.6391
sheet_metal,010_regular_mask.png,1056,4224,0.1798,1.0139,8020,1558,5.6391
sheet_metal,010_shift_1_mask.png,1056,4224,0.1772,0.9892,7902,1520,5.5837
sheet_metal,010_shift_2_mask.png,1056,4224,0.1772,0.9892,7902,1520,5.5837
sheet_metal,010_shift_3_mask.png,1056,4224,0.1772,0.9892,7902,1520,5.5837
sheet_metal,010_underexposed_mask.png,1056,4224,0.1798,1.0139,8020,1558,5.6391
sheet_metal,011_overexposed_mask.png,1056,4224,0.0127,0.0351,568,54,2.7597
sheet_metal,011_regular_mask.png,1056,4224,0.0127,0.0351,568,54,2.7597
sheet_metal,011_shift_1_mask.png,1056,4224,0.0127,0.0351,568,54,2.7597
sheet_metal,011_shift_2_mask.png,1056,4224,0.0127,0.0351,568,54,2.7597
sheet_metal,011_shift_3_mask.png,1056,4224,0.0127,0.0351,568,54,2.7597
sheet_metal,011_underexposed_mask.png,1056,4224,0.0127,0.0351,568,54,2.7597
sheet_metal,012_overexposed_mask.png,1056,4224,0.0117,0.0332,520,51,2.847
sheet_metal,012_regular_mask.png,1056,4224,0.0117,0.0332,520,51,2.847
sheet_metal,012_shift_1_mask.png,1056,4224,0.0117,0.0332,520,51,2.847
sheet_metal,012_shift_2_mask.png,1056,4224,0.0117,0.0332,520,51,2.847
sheet_metal,012_shift_3_mask.png,1056,4224,0.0117,0.0332,520,51,2.847
sheet_metal,012_underexposed_mask.png,1056,4224,0.0117,0.0332,520,51,2.847
sheet_metal,013_overexposed_mask.png,1056,4224,4.1148,5.1626,183542,7933,1.2546
sheet_metal,013_regular_mask.png,1056,4224,4.1148,5.1626,183542,7933,1.2546
sheet_metal,013_shift_1_mask.png,1056,4224,4.1148,5.1626,183542,7933,1.2546
sheet_metal,013_shift_2_mask.png,1056,4224,4.1148,5.1626,183542,7933,1.2546
sheet_metal,013_shift_3_mask.png,1056,4224,4.1148,5.1626,183542,7933,1.2546
sheet_metal,013_underexposed_mask.png,1056,4224,4.1148,5.1626,183542,7933,1.2546
sheet_metal,014_overexposed_mask.png,1056,4224,0.0808,0.1796,3603,276,2.2236
sheet_metal,014_regular_mask.png,1056,4224,0.0808,0.1796,3603,276,2.2236
sheet_metal,014_shift_1_mask.png,1056,4224,0.0796,0.179,3552,275,2.2474
sheet_metal,014_shift_2_mask.png,1056,4224,0.0796,0.179,3552,275,2.2474
sheet_metal,014_shift_3_mask.png,1056,4224,0.0796,0.179,3552,275,2.2474
sheet_metal,014_underexposed_mask.png,1056,4224,0.0808,0.1796,3603,276,2.2236
vial,000_overexposed_mask.png,1900,1400,1.0736,1.6165,28559,2484,1.5056
vial,000_regular_mask.png,1900,1400,1.0735,1.6289,28554,2503,1.5174
vial,000_shift_1_mask.png,1900,1400,1.0739,1.6172,28565,2485,1.5059
vial,000_shift_2_mask.png,1900,1400,1.0739,1.6172,28565,2485,1.5059
vial,000_shift_3_mask.png,1900,1400,1.0736,1.6165,28559,2484,1.5056
vial,000_shift_4_mask.png,1900,1400,1.0736,1.6165,28559,2484,1.5056
vial,000_underexposed_mask.png,1900,1400,1.0512,1.5872,27963,2439,1.5099
vial,001_overexposed_mask.png,1900,1400,0.8307,1.1981,22097,1841,1.4422
vial,001_regular_mask.png,1900,1400,0.8307,1.1981,22097,1841,1.4422
vial,001_shift_1_mask.png,1900,1400,0.8307,1.1981,22097,1841,1.4422
vial,001_shift_2_mask.png,1900,1400,0.8307,1.1981,22097,1841,1.4422
vial,001_shift_3_mask.png,1900,1400,0.8307,1.1981,22097,1841,1.4422
vial,001_shift_4_mask.png,1900,1400,0.8307,1.1981,22097,1841,1.4422
vial,001_underexposed_mask.png,1900,1400,0.8307,1.1981,22097,1841,1.4422
vial,002_overexposed_mask.png,1900,1400,0.8462,1.2352,22510,1898,1.4596
vial,002_regular_mask.png,1900,1400,0.8462,1.2352,22510,1898,1.4596
vial,002_shift_1_mask.png,1900,1400,0.8462,1.2352,22510,1898,1.4596
vial,002_shift_2_mask.png,1900,1400,0.8462,1.2352,22510,1898,1.4596
vial,002_shift_3_mask.png,1900,1400,0.8462,1.2352,22510,1898,1.4596
vial,002_shift_4_mask.png,1900,1400,0.8462,1.2352,22510,1898,1.4596
vial,002_underexposed_mask.png,1900,1400,0.8462,1.2352,22510,1898,1.4596
vial,003_overexposed_mask.png,1900,1400,1.2477,1.9126,33189,2939,1.5329
vial,003_regular_mask.png,1900,1400,1.2463,1.91,33152,2935,1.5325
vial,003_shift_1_mask.png,1900,1400,1.2529,1.912,33327,2938,1.526
vial,003_shift_2_mask.png,1900,1400,1.2509,1.912,33274,2938,1.5285
vial,003_shift_3_mask.png,1900,1400,1.2483,1.9152,33206,2943,1.5342
vial,003_shift_4_mask.png,1900,1400,1.2489,1.9172,33221,2946,1.5351
vial,003_underexposed_mask.png,1900,1400,1.2487,1.9081,33215,2932,1.5281
vial,004_overexposed_mask.png,1900,1400,0.8789,1.3887,23380,2134,1.58
vial,004_regular_mask.png,1900,1400,0.8789,1.3887,23380,2134,1.58
vial,004_shift_1_mask.png,1900,1400,0.8789,1.3887,23380,2134,1.58
vial,004_shift_2_mask.png,1900,1400,0.8789,1.3887,23380,2134,1.58
vial,004_shift_3_mask.png,1900,1400,0.8789,1.3887,23380,2134,1.58
vial,004_shift_4_mask.png,1900,1400,0.8789,1.3887,23380,2134,1.58
vial,004_underexposed_mask.png,1900,1400,0.8789,1.3887,23380,2134,1.58
vial,005_overexposed_mask.png,1900,1400,4.3433,6.0118,115531,9238,1.3842
vial,005_regular_mask.png,1900,1400,4.3433,6.0118,115531,9238,1.3842
vial,005_shift_1_mask.png,1900,1400,4.3433,6.0118,115531,9238,1.3842
vial,005_shift_2_mask.png,1900,1400,4.3433,6.0118,115531,9238,1.3842
vial,005_shift_3_mask.png,1900,1400,4.3433,6.0118,115531,9238,1.3842
vial,005_shift_4_mask.png,1900,1400,4.3433,6.0118,115531,9238,1.3842
vial,005_underexposed_mask.png,1900,1400,4.3433,6.0118,115531,9238,1.3842
vial,006_overexposed_mask.png,1900,1400,0.5491,0.8863,14606,1362,1.6142
vial,006_regular_mask.png,1900,1400,0.5491,0.8863,14606,1362,1.6142
vial,006_shift_1_mask.png,1900,1400,0.5491,0.8863,14606,1362,1.6142
vial,006_shift_2_mask.png,1900,1400,0.5491,0.8863,14606,1362,1.6142
vial,006_shift_3_mask.png,1900,1400,0.5491,0.8863,14606,1362,1.6142
vial,006_shift_4_mask.png,1900,1400,0.5491,0.8863,14606,1362,1.6142
vial,006_underexposed_mask.png,1900,1400,0.5491,0.8863,14606,1362,1.6142
vial,007_overexposed_mask.png,1900,1400,0.4538,0.7171,12072,1102,1.5802
vial,007_regular_mask.png,1900,1400,0.4538,0.7171,12072,1102,1.5802
vial,007_shift_1_mask.png,1900,1400,0.4525,0.7093,12036,1090,1.5677
vial,007_shift_2_mask.png,1900,1400,0.4518,0.708,12019,1088,1.567
vial,007_shift_3_mask.png,1900,1400,0.4537,0.7106,12068,1092,1.5664
vial,007_shift_4_mask.png,1900,1400,0.4528,0.7152,12044,1099,1.5796
vial,007_underexposed_mask.png,1900,1400,0.4548,0.7093,12099,1090,1.5595
vial,008_overexposed_mask.png,1900,1400,12.9688,17.3521,344970,26664,1.338
vial,008_regular_mask.png,1900,1400,12.9688,17.3521,344970,26664,1.338
vial,008_shift_1_mask.png,1900,1400,12.9688,17.3521,344970,26664,1.338
vial,008_shift_2_mask.png,1900,1400,12.9688,17.3521,344970,26664,1.338
vial,008_shift_3_mask.png,1900,1400,12.9688,17.3521,344970,26664,1.338
vial,008_shift_4_mask.png,1900,1400,12.9688,17.3521,344970,26664,1.338
vial,008_underexposed_mask.png,1900,1400,12.9688,17.3521,344970,26664,1.338
vial,009_overexposed_mask.png,1900,1400,1.4807,2.1436,39386,3294,1.4477
vial,009_regular_mask.png,1900,1400,1.4807,2.1436,39386,3294,1.4477
vial,009_shift_1_mask.png,1900,1400,1.4807,2.1436,39386,3294,1.4477
vial,009_shift_2_mask.png,1900,1400,1.4789,2.1397,39338,3288,1.4469
vial,009_shift_3_mask.png,1900,1400,1.4807,2.1436,39386,3294,1.4477
vial,009_shift_4_mask.png,1900,1400,1.4792,2.1397,39348,3288,1.4465
vial,009_underexposed_mask.png,1900,1400,1.4807,2.1436,39386,3294,1.4477
vial,010_overexposed_mask.png,1900,1400,0.3811,0.574,10138,882,1.506
vial,010_regular_mask.png,1900,1400,0.373,0.561,9921,862,1.504
vial,010_shift_1_mask.png,1900,1400,0.3815,0.5772,10148,887,1.513
vial,010_shift_2_mask.png,1900,1400,0.3815,0.5759,10148,885,1.5096
vial,010_shift_3_mask.png,1900,1400,0.3815,0.5759,10148,885,1.5096
vial,010_shift_4_mask.png,1900,1400,0.3815,0.5759,10148,885,1.5096
vial,010_underexposed_mask.png,1900,1400,0.3788,0.5714,10076,878,1.5084
vial,011_overexposed_mask.png,1900,1400,0.2113,0.3397,5621,522,1.6076
vial,011_regular_mask.png,1900,1400,0.2113,0.3397,5621,522,1.6076
vial,011_shift_1_mask.png,1900,1400,0.2113,0.3397,5621,522,1.6076
vial,011_shift_2_mask.png,1900,1400,0.2113,0.3397,5621,522,1.6076
vial,011_shift_3_mask.png,1900,1400,0.2113,0.3397,5621,522,1.6076
vial,011_shift_4_mask.png,1900,1400,0.2113,0.3397,5621,522,1.6076
vial,011_underexposed_mask.png,1900,1400,0.2113,0.3397,5621,522,1.6076
vial,012_overexposed_mask.png,1900,1400,9.6595,12.9523,256944,19903,1.3409
vial,012_regular_mask.png,1900,1400,9.6595,12.9523,256944,19903,1.3409
vial,012_shift_1_mask.png,1900,1400,9.6595,12.9523,256944,19903,1.3409
vial,012_shift_2_mask.png,1900,1400,9.6595,12.9523,256944,19903,1.3409
vial,012_shift_3_mask.png,1900,1400,9.6356,12.9217,256308,19856,1.341
vial,012_shift_4_mask.png,1900,1400,9.6356,12.9217,256308,19856,1.341
vial,012_underexposed_mask.png,1900,1400,9.6356,12.9217,256308,19856,1.341
vial,013_overexposed_mask.png,1900,1400,4.8659,6.593,129434,10131,1.3549
vial,013_regular_mask.png,1900,1400,4.8659,6.593,129434,10131,1.3549
vial,013_shift_1_mask.png,1900,1400,4.8659,6.593,129434,10131,1.3549
vial,013_shift_2_mask.png,1900,1400,4.8659,6.593,129434,10131,1.3549
vial,013_shift_3_mask.png,1900,1400,4.8659,6.593,129434,10131,1.3549
vial,013_shift_4_mask.png,1900,1400,4.8659,6.593,129434,10131,1.3549
vial,013_underexposed_mask.png,1900,1400,4.8659,6.593,129434,10131,1.3549
vial,014_overexposed_mask.png,1900,1400,2.7044,3.4231,71937,5260,1.2657
vial,014_regular_mask.png,1900,1400,2.7044,3.4231,71937,5260,1.2657
vial,014_shift_1_mask.png,1900,1400,2.7044,3.4231,71937,5260,1.2657
vial,014_shift_2_mask.png,1900,1400,2.7044,3.4231,71937,5260,1.2657
vial,014_shift_3_mask.png,1900,1400,2.7044,3.4231,71937,5260,1.2657
vial,014_shift_4_mask.png,1900,1400,2.7044,3.4231,71937,5260,1.2657
vial,014_underexposed_mask.png,1900,1400,2.7044,3.4231,71937,5260,1.2657
wallplugs,000_overexposed_mask.png,2048,2448,0.3966,0.5974,19884,918,1.5063
wallplugs,000_regular_mask.png,2048,2448,0.3966,0.5974,19884,918,1.5063
wallplugs,000_shift_1_mask.png,2048,2448,0.3966,0.5974,19884,918,1.5063
wallplugs,000_shift_2_mask.png,2048,2448,0.3966,0.5974,19884,918,1.5063
wallplugs,000_shift_3_mask.png,2048,2448,0.3966,0.5974,19884,918,1.5063
wallplugs,000_underexposed_mask.png,2048,2448,0.3966,0.5974,19884,918,1.5063
wallplugs,001_overexposed_mask.png,2048,2448,0.0385,0.1015,1928,156,2.6399
wallplugs,001_regular_mask.png,2048,2448,0.0385,0.1015,1928,156,2.6399
wallplugs,001_shift_1_mask.png,2048,2448,0.0385,0.1015,1928,156,2.6399
wallplugs,001_shift_2_mask.png,2048,2448,0.0385,0.1015,1928,156,2.6399
wallplugs,001_shift_3_mask.png,2048,2448,0.0385,0.1015,1928,156,2.6399
wallplugs,001_underexposed_mask.png,2048,2448,0.0385,0.1015,1928,156,2.6399
wallplugs,002_overexposed_mask.png,2048,2448,0.0046,0.0247,232,38,5.344
wallplugs,002_regular_mask.png,2048,2448,0.0046,0.0247,232,38,5.344
wallplugs,002_shift_1_mask.png,2048,2448,0.0046,0.0247,232,38,5.344
wallplugs,002_shift_2_mask.png,2048,2448,0.0046,0.0247,232,38,5.344
wallplugs,002_shift_3_mask.png,2048,2448,0.0046,0.0247,232,38,5.344
wallplugs,002_underexposed_mask.png,2048,2448,0.0046,0.0247,232,38,5.344
wallplugs,003_overexposed_mask.png,2048,2448,0.142,0.2518,7121,387,1.7731
wallplugs,003_regular_mask.png,2048,2448,0.142,0.2518,7121,387,1.7731
wallplugs,003_shift_1_mask.png,2048,2448,0.1409,0.2505,7066,385,1.7777
wallplugs,003_shift_2_mask.png,2048,2448,0.142,0.2518,7121,387,1.7731
wallplugs,003_shift_3_mask.png,2048,2448,0.1407,0.2505,7052,385,1.7812
wallplugs,003_underexposed_mask.png,2048,2448,0.142,0.2518,7121,387,1.7731
wallplugs,004_overexposed_mask.png,2048,2448,0.0112,0.0345,562,53,3.0769
wallplugs,004_regular_mask.png,2048,2448,0.0112,0.0345,562,53,3.0769
wallplugs,004_shift_1_mask.png,2048,2448,0.0126,0.0358,631,55,2.8438
wallplugs,004_shift_2_mask.png,2048,2448,0.0126,0.0358,631,55,2.8438
wallplugs,004_shift_3_mask.png,2048,2448,0.0126,0.0358,631,55,2.8438
wallplugs,004_underexposed_mask.png,2048,2448,0.0112,0.0345,562,53,3.0769
wallplugs,005_overexposed_mask.png,2048,2448,0.036,0.0833,1803,128,2.3162
wallplugs,005_regular_mask.png,2048,2448,0.036,0.0833,1803,128,2.3162
wallplugs,005_shift_1_mask.png,2048,2448,0.036,0.0833,1803,128,2.3162
wallplugs,005_shift_2_mask.png,2048,2448,0.036,0.0833,1803,128,2.3162
wallplugs,005_shift_3_mask.png,2048,2448,0.036,0.0833,1803,128,2.3162
wallplugs,005_underexposed_mask.png,2048,2448,0.036,0.0833,1803,128,2.3162
wallplugs,006_overexposed_mask.png,2048,2448,0.3095,0.0332,15518,51,0.1072
wallplugs,006_regular_mask.png,2048,2448,0.3095,0.0332,15518,51,0.1072
wallplugs,006_shift_1_mask.png,2048,2448,0.3095,0.0332,15518,51,0.1072
wallplugs,006_shift_2_mask.png,2048,2448,0.3095,0.0332,15518,51,0.1072
wallplugs,006_shift_3_mask.png,2048,2448,0.3095,0.0332,15518,51,0.1072
wallplugs,006_underexposed_mask.png,2048,2448,0.3095,0.0332,15518,51,0.1072
wallplugs,007_overexposed_mask.png,2048,2448,0.0056,0.0176,281,27,3.1349
wallplugs,007_regular_mask.png,2048,2448,0.0056,0.0176,281,27,3.1349
wallplugs,007_shift_1_mask.png,2048,2448,0.0056,0.0176,281,27,3.1349
wallplugs,007_shift_2_mask.png,2048,2448,0.0056,0.0176,281,27,3.1349
wallplugs,007_shift_3_mask.png,2048,2448,0.0056,0.0176,281,27,3.1349
wallplugs,007_underexposed_mask.png,2048,2448,0.0056,0.0176,281,27,3.1349
wallplugs,008_overexposed_mask.png,2048,2448,0.0342,0.0703,1713,108,2.057
wallplugs,008_regular_mask.png,2048,2448,0.0342,0.0703,1713,108,2.057
wallplugs,008_shift_1_mask.png,2048,2448,0.0344,0.0709,1723,109,2.064
wallplugs,008_shift_2_mask.png,2048,2448,0.0369,0.0716,1852,110,1.9379
wallplugs,008_shift_3_mask.png,2048,2448,0.0342,0.0703,1716,108,2.0534
wallplugs,008_underexposed_mask.png,2048,2448,0.0342,0.0703,1713,108,2.057
wallplugs,009_overexposed_mask.png,2048,2448,0.0255,0.0534,1279,82,2.0918
wallplugs,009_regular_mask.png,2048,2448,0.0255,0.0534,1279,82,2.0918
wallplugs,009_shift_1_mask.png,2048,2448,0.0255,0.0534,1279,82,2.0918
wallplugs,009_shift_2_mask.png,2048,2448,0.0255,0.0534,1279,82,2.0918
wallplugs,009_shift_3_mask.png,2048,2448,0.0255,0.0534,1279,82,2.0918
wallplugs,009_underexposed_mask.png,2048,2448,0.0255,0.0534,1279,82,2.0918
wallplugs,010_overexposed_mask.png,2048,2448,1.3791,1.7297,69140,2658,1.2543
wallplugs,010_regular_mask.png,2048,2448,1.3791,1.7297,69140,2658,1.2543
wallplugs,010_shift_1_mask.png,2048,2448,1.3791,1.7297,69140,2658,1.2543
wallplugs,010_shift_2_mask.png,2048,2448,1.3791,1.7297,69140,2658,1.2543
wallplugs,010_shift_3_mask.png,2048,2448,1.3791,1.7297,69140,2658,1.2543
wallplugs,010_underexposed_mask.png,2048,2448,1.3791,1.7297,69140,2658,1.2543
wallplugs,011_overexposed_mask.png,2048,2448,0.0907,0.069,4546,106,0.7608
wallplugs,011_regular_mask.png,2048,2448,0.0907,0.069,4546,106,0.7608
wallplugs,011_shift_1_mask.png,2048,2448,0.0907,0.069,4546,106,0.7608
wallplugs,011_shift_2_mask.png,2048,2448,0.0907,0.069,4546,106,0.7608
wallplugs,011_shift_3_mask.png,2048,2448,0.0907,0.069,4546,106,0.7608
wallplugs,011_underexposed_mask.png,2048,2448,0.0907,0.069,4546,106,0.7608
wallplugs,012_overexposed_mask.png,2048,2448,1.4732,2.0903,73859,3212,1.4189
wallplugs,012_regular_mask.png,2048,2448,1.4732,2.0903,73859,3212,1.4189
wallplugs,012_shift_1_mask.png,2048,2448,1.4732,2.0903,73859,3212,1.4189
wallplugs,012_shift_2_mask.png,2048,2448,1.4732,2.0903,73859,3212,1.4189
wallplugs,012_shift_3_mask.png,2048,2448,1.4732,2.0903,73859,3212,1.4189
wallplugs,012_underexposed_mask.png,2048,2448,1.4732,2.0903,73859,3212,1.4189
wallplugs,013_overexposed_mask.png,2048,2448,0.0509,0.1022,2550,157,2.0088
wallplugs,013_regular_mask.png,2048,2448,0.0509,0.1022,2550,157,2.0088
wallplugs,013_shift_1_mask.png,2048,2448,0.0509,0.1022,2550,157,2.0088
wallplugs,013_shift_2_mask.png,2048,2448,0.0509,0.1022,2550,157,2.0088
wallplugs,013_shift_3_mask.png,2048,2448,0.0509,0.1022,2550,157,2.0088
wallplugs,013_underexposed_mask.png,2048,2448,0.0509,0.1022,2550,157,2.0088
wallplugs,014_overexposed_mask.png,2048,2448,0.0379,0.0774,1899,119,2.0445
wallplugs,014_regular_mask.png,2048,2448,0.0379,0.0774,1899,119,2.0445
wallplugs,014_shift_1_mask.png,2048,2448,0.0379,0.0774,1899,119,2.0445
wallplugs,014_shift_2_mask.png,2048,2448,0.0379,0.0774,1899,119,2.0445
wallplugs,014_shift_3_mask.png,2048,2448,0.0379,0.0774,1899,119,2.0445
wallplugs,014_underexposed_mask.png,2048,2448,0.0379,0.0774,1899,119,2.0445
walnuts,000_overexposed_mask.png,2048,2448,0.2475,0.3866,12406,594,1.5622
walnuts,000_regular_mask.png,2048,2448,0.2475,0.3866,12406,594,1.5622
walnuts,000_shift_1_mask.png,2048,2448,0.2475,0.3866,12406,594,1.5622
walnuts,000_shift_2_mask.png,2048,2448,0.2475,0.3866,12406,594,1.5622
walnuts,000_shift_3_mask.png,2048,2448,0.2475,0.3866,12406,594,1.5622
walnuts,000_underexposed_mask.png,2048,2448,0.2475,0.3866,12406,594,1.5622
walnuts,001_overexposed_mask.png,2048,2448,2.9347,3.0684,147132,4715,1.0455
walnuts,001_regular_mask.png,2048,2448,2.9347,3.0684,147132,4715,1.0455
walnuts,001_shift_1_mask.png,2048,2448,2.9347,3.0684,147132,4715,1.0455
walnuts,001_shift_2_mask.png,2048,2448,2.9347,3.0684,147132,4715,1.0455
walnuts,001_shift_3_mask.png,2048,2448,2.9347,3.0684,147132,4715,1.0455
walnuts,001_underexposed_mask.png,2048,2448,2.9347,3.0684,147132,4715,1.0455
walnuts,002_overexposed_mask.png,2048,2448,1.1682,2.0701,58569,3181,1.772
walnuts,002_regular_mask.png,2048,2448,1.1682,2.0701,58569,3181,1.772
walnuts,002_shift_1_mask.png,2048,2448,1.1682,2.0701,58569,3181,1.772
walnuts,002_shift_2_mask.png,2048,2448,1.1682,2.0701,58569,3181,1.772
walnuts,002_shift_3_mask.png,2048,2448,1.1682,2.0701,58569,3181,1.772
walnuts,002_underexposed_mask.png,2048,2448,1.1682,2.0701,58569,3181,1.772
walnuts,003_overexposed_mask.png,2048,2448,0.0267,0.0573,1340,88,2.1426
walnuts,003_regular_mask.png,2048,2448,0.0267,0.0573,1340,88,2.1426
walnuts,003_shift_1_mask.png,2048,2448,0.0267,0.0573,1340,88,2.1426
walnuts,003_shift_2_mask.png,2048,2448,0.0267,0.0573,1340,88,2.1426
walnuts,003_shift_3_mask.png,2048,2448,0.0267,0.0573,1340,88,2.1426
walnuts,003_underexposed_mask.png,2048,2448,0.0267,0.0573,1340,88,2.1426
walnuts,004_overexposed_mask.png,2048,2448,6.1547,8.6396,308567,13276,1.4037
walnuts,004_regular_mask.png,2048,2448,6.1547,8.6396,308567,13276,1.4037
walnuts,004_shift_1_mask.png,2048,2448,6.1547,8.6396,308567,13276,1.4037
walnuts,004_shift_2_mask.png,2048,2448,6.1547,8.6396,308567,13276,1.4037
walnuts,004_shift_3_mask.png,2048,2448,6.1547,8.6396,308567,13276,1.4037
walnuts,004_underexposed_mask.png,2048,2448,6.1547,8.6396,308567,13276,1.4037
walnuts,005_overexposed_mask.png,2048,2448,0.0393,0.1015,1971,156,2.5823
walnuts,005_regular_mask.png,2048,2448,0.0393,0.1015,1971,156,2.5823
walnuts,005_shift_1_mask.png,2048,2448,0.0393,0.1015,1971,156,2.5823
walnuts,005_shift_2_mask.png,2048,2448,0.0393,0.1015,1971,156,2.5823
walnuts,005_shift_3_mask.png,2048,2448,0.0393,0.1015,1971,156,2.5823
walnuts,005_underexposed_mask.png,2048,2448,0.0393,0.1015,1971,156,2.5823
walnuts,006_overexposed_mask.png,2048,2448,1.1396,1.6803,57132,2582,1.4745
walnuts,006_regular_mask.png,2048,2448,1.1396,1.6803,57132,2582,1.4745
walnuts,006_shift_1_mask.png,2048,2448,1.1396,1.6803,57132,2582,1.4745
walnuts,006_shift_2_mask.png,2048,2448,1.1396,1.6803,57132,2582,1.4745
walnuts,006_shift_3_mask.png,2048,2448,1.1396,1.6803,57132,2582,1.4745
walnuts,006_underexposed_mask.png,2048,2448,1.1396,1.6803,57132,2582,1.4745
walnuts,007_overexposed_mask.png,2048,2448,1.5268,2.3252,76546,3573,1.5229
walnuts,007_regular_mask.png,2048,2448,1.5268,2.3252,76546,3573,1.5229
walnuts,007_shift_1_mask.png,2048,2448,1.5268,2.3252,76546,3573,1.5229
walnuts,007_shift_2_mask.png,2048,2448,1.5268,2.3252,76546,3573,1.5229
walnuts,007_shift_3_mask.png,2048,2448,1.5268,2.3252,76546,3573,1.5229
walnuts,007_underexposed_mask.png,2048,2448,1.5268,2.3252,76546,3573,1.5229
walnuts,008_overexposed_mask.png,2048,2448,5.2076,7.2314,261081,11112,1.3886
walnuts,008_regular_mask.png,2048,2448,5.2076,7.2314,261081,11112,1.3886
walnuts,008_shift_1_mask.png,2048,2448,5.2076,7.2314,261081,11112,1.3886
walnuts,008_shift_2_mask.png,2048,2448,5.2076,7.2314,261081,11112,1.3886
walnuts,008_shift_3_mask.png,2048,2448,5.2076,7.2314,261081,11112,1.3886
walnuts,008_underexposed_mask.png,2048,2448,5.2076,7.2314,261081,11112,1.3886
walnuts,009_overexposed_mask.png,2048,2448,1.8189,2.8178,91192,4330,1.5492
walnuts,009_regular_mask.png,2048,2448,1.8189,2.8178,91192,4330,1.5492
walnuts,009_shift_1_mask.png,2048,2448,1.8189,2.8178,91192,4330,1.5492
walnuts,009_shift_2_mask.png,2048,2448,1.8189,2.8178,91192,4330,1.5492
walnuts,009_shift_3_mask.png,2048,2448,1.8189,2.8178,91192,4330,1.5492
walnuts,009_underexposed_mask.png,2048,2448,1.8189,2.8178,91192,4330,1.5492
walnuts,010_overexposed_mask.png,2048,2448,0.6562,0.9983,32901,1534,1.5212
walnuts,010_regular_mask.png,2048,2448,0.6562,0.9983,32901,1534,1.5212
walnuts,010_shift_1_mask.png,2048,2448,0.6562,0.9983,32901,1534,1.5212
walnuts,010_shift_2_mask.png,2048,2448,0.6562,0.9983,32901,1534,1.5212
walnuts,010_shift_3_mask.png,2048,2448,0.6562,0.9983,32901,1534,1.5212
walnuts,010_underexposed_mask.png,2048,2448,0.6562,0.9983,32901,1534,1.5212
walnuts,011_overexposed_mask.png,2048,2448,1.2228,2.0395,61305,3134,1.6679
walnuts,011_regular_mask.png,2048,2448,1.2228,2.0395,61305,3134,1.6679
walnuts,011_shift_1_mask.png,2048,2448,1.2228,2.0395,61305,3134,1.6679
walnuts,011_shift_2_mask.png,2048,2448,1.2228,2.0395,61305,3134,1.6679
walnuts,011_shift_3_mask.png,2048,2448,1.2228,2.0395,61305,3134,1.6679
walnuts,011_underexposed_mask.png,2048,2448,1.2228,2.0395,61305,3134,1.6679
walnuts,012_overexposed_mask.png,2048,2448,0.0214,0.0488,1075,75,2.2763
walnuts,012_regular_mask.png,2048,2448,0.0214,0.0488,1075,75,2.2763
walnuts,012_shift_1_mask.png,2048,2448,0.0214,0.0488,1075,75,2.2763
walnuts,012_shift_2_mask.png,2048,2448,0.0214,0.0488,1075,75,2.2763
walnuts,012_shift_3_mask.png,2048,2448,0.0214,0.0488,1075,75,2.2763
walnuts,012_underexposed_mask.png,2048,2448,0.0214,0.0488,1075,75,2.2763
walnuts,013_overexposed_mask.png,2048,2448,2.3759,3.2851,119115,5048,1.3827
walnuts,013_regular_mask.png,2048,2448,2.3759,3.2851,119115,5048,1.3827
walnuts,013_shift_1_mask.png,2048,2448,2.3759,3.2851,119115,5048,1.3827
walnuts,013_shift_2_mask.png,2048,2448,2.3759,3.2851,119115,5048,1.3827
walnuts,013_shift_3_mask.png,2048,2448,2.3759,3.2851,119115,5048,1.3827
walnuts,013_underexposed_mask.png,2048,2448,2.3759,3.2851,119115,5048,1.3827
walnuts,014_overexposed_mask.png,2048,2448,2.9064,2.2842,145714,3510,0.7859
walnuts,014_regular_mask.png,2048,2448,2.9064,2.2842,145714,3510,0.7859
walnuts,014_shift_1_mask.png,2048,2448,2.9064,2.2842,145714,3510,0.7859
walnuts,014_shift_2_mask.png,2048,2448,2.9064,2.2842,145714,3510,0.7859
walnuts,014_shift_3_mask.png,2048,2448,2.9064,2.2842,145714,3510,0.7859
walnuts,014_underexposed_mask.png,2048,2448,2.9064,2.2842,145714,3510,0.7859
